503032,356818,528393,844,442314,449552,304799,399402,783087,683412,492299,647668,377558,203914,3875,277621,598164,881662,829421,510960,987018,461580,834593,408965,744630,987591,305336,170312,620033,530956,359422,3519,389162,425869,405252,861245,584428,733830,897909,748773,492702,745768,640355,648745,629675,406998,629262,633732,937117,782473
846268,767499,815325,605462,349450,264583,708020,873942,544246,152069,832975,484543,467102,45388,510280,744747,422597,355177,656843,19741,507163,946127,690447,401923,688908,604993,208889,207708,886025,269069,74884,830677,523197,368208,511518,736725,168553,653066,713436,815003,269760,609666,232113,561044,172362,789767,866717,329643,222318,963788
706690,843792,30534,899393,622452,316529,431765,761592,785411,189900,625886,165629,973049,443576,913145,728247,606259,261984,526592,138619,138097,715749,361089,751376,240493,718158,718476,305495,106385,397007,492361,99974,186761,55343,597513,888876,216557,34713,703923,814910,964121,613178,342443,837868,118067,692636,95230,399705,495022,377894
168597,231717,820149,462575,579932,211907,714935,330117,593618,909487,994393,46217,797442,857587,319574,383147,580253,918840,399928,880030,758560,152273,913679,15181,145178,664811,57119,379489,129978,462889,839980,906084,35469,60851,840624,42814,273590,117436,91037,27622,637513,744614,686771,845622,663016,389701,631063,969594,641603,243091
60184,935165,590495,349614,605352,560257,522171,60804,353227,412650,199368,880105,424119,662385,713546,743283,721115,752208,251580,976403,151009,918647,854568,852164,52811,91218,813055,469166,370253,984687,40117,531465,443349,128203,395188,707647,882315,24619,524509,90376,800393,85785,34193,384236,732606,313206,130004,794572,806919,855859
303744,424830,245389,557177,330107,338663,783621,956296,584140,104687,652574,448611,988030,719381,834786,701286,535619,896818,831617,291325,157031,370351,521077,97380,345379,574905,43574,814948,651117,313650,298320,352616,325288,748513,501056,526128,148756,914418,325572,327564,68846,979411,479697,912884,927617,969752,815629,925443,922289,801367
134581,523711,575604,992497,783948,702916,746649,361577,942313,643500,402574,464571,979754,532128,167797,148354,687242,562775,906806,184600,411108,727960,50105,99222,545707,265729,106937,261697,632141,526377,78496,72811,850626,643238,173367,861834,21849,368104,847629,710278,283752,891281,598078,865493,892793,425444,675600,544476,944735,798160
725818,814032,998159,256561,201363,746782,770332,514283,487075,403743,882696,796231,584597,40119,851141,458453,189760,299354,691334,5507,120044,302653,887191,746860,970791,543028,571968,551376,525627,542040,818567,953368,408300,629965,307759,301910,506317,586267,549994,976579,162971,636664,994531,736135,565908,368363,402138,936523,895330,669676
898747,925163,846343,383416,464364,795907,372633,749363,481420,336541,456148,116509,354496,415194,18163,172073,260233,857884,589577,287144,997726,257920,513788,739519,691320,433502,776997,485794,715465,491376,971494,716179,91377,129470,966514,229228,26136,253223,479787,952168,399129,723505,834362,89162,611891,995784,549595,534486,346702,946105
969599,103169,552833,419629,671646,118646,265334,278753,479712,793282,857847,786423,676806,87192,389717,668701,294247,507818,905078,116157,853876,105829,386364,905389,201200,520742,416604,887947,992064,288592,492476,895005,544795,214624,759662,337089,485974,8561,988967,657282,925812,968685,267533,540535,440251,759855,842385,228560,274564,706261
411643,130201,195310,560849,598494,960071,532779,608980,148854,413801,279791,695422,267057,214400,367684,470549,338394,605732,181203,879910,694171,534763,58162,326006,690107,645064,811954,891508,315366,493730,330041,127922,140117,256469,88028,538825,702922,563072,684766,226248,199404,567574,884285,422264,4236,20051,305304,615374,84565,224510
680690,984991,341072,601138,518429,23124,329834,139441,250821,769980,681202,41022,77375,724929,103209,317019,269337,49766,31169,139034,399327,933705,638378,242060,679644,273633,515238,321827,948670,352362,803562,641192,843325,606160,870384,405162,679002,620637,527733,564439,535761,393770,898319,632729,549123,53939,508528,175146,215023,434612
545956,250412,270934,530146,473234,403287,103753,373477,654421,544198,544752,843818,723163,684589,30413,308127,682412,155772,913473,141926,879121,216268,841589,848229,335464,888592,159767,849109,381734,439717,117859,601005,269755,666879,799387,603684,8184,952335,919681,642935,379506,561913,882812,459528,779218,598558,422279,933526,408430,605779
53274,470763,37414,704132,590,42065,111125,139574,508078,356288,270903,983623,908999,654862,802086,819708,245173,808286,239811,562356,357717,158659,776854,916341,313698,879762,346256,657555,995789,772070,55667,434872,376303,293931,816135,441020,699240,634931,518995,56031,673035,891383,172199,642744,487439,340984,710426,975198,21664,897305
383238,833848,174711,716591,99696,335610,969908,656615,784523,461305,471166,492625,773155,723249,193768,440604,542023,571428,926770,839747,149881,376120,108972,26223,74585,182965,766077,667221,797870,288503,155511,972100,826024,946782,18787,396547,633798,736074,912650,537731,390792,5324,803863,982157,907246,662268,342475,239150,775019,935429
960326,175607,585352,513118,427425,794400,935782,724624,700305,690614,653556,536753,247915,779477,119093,643888,386987,559962,641436,478923,978094,239193,12168,955257,312007,278072,415559,594966,986114,707524,318320,534688,448685,501587,417608,167617,395484,389089,200719,816918,359990,151486,566874,844843,780561,622040,731038,336114,142711,255009
349353,279133,467761,149032,130261,252723,196503,801700,537556,198411,429217,871915,577612,553914,391318,195837,625405,77149,786189,57524,746347,382629,682411,591005,129175,538502,74167,241218,381668,285671,661759,986834,356861,838597,225099,709330,347720,535363,88583,827353,208835,463452,290295,810202,592594,615184,754748,254896,58248,828555
315605,812271,956639,629191,103291,853987,633428,245899,207872,507721,121565,906020,707862,819282,383820,923191,133954,716250,254604,3631,120891,201544,763345,378049,482030,613581,267660,638433,671571,921369,502866,855286,967751,768895,421191,271979,97731,831026,129600,559512,453930,44846,214337,822896,538659,924394,907973,94027,678116,42658
422666,441774,956872,595317,190000,509747,521828,197074,359731,877494,981470,776866,64501,905876,458459,834056,176779,147684,906662,285523,43055,501048,990568,835498,396299,993073,796670,842065,646106,394381,905709,470629,934642,552191,909857,477156,426820,588682,317310,149397,589332,850962,277776,865021,787128,775675,415130,998756,790878,575648
113509,573815,14381,902208,336697,368344,550883,637464,582727,484925,634355,847142,446209,500079,810346,3406,160710,325029,213937,896009,148216,107886,317200,508640,821480,995651,851869,608837,37601,63464,630736,819882,265512,969219,550387,573771,618621,74914,170388,936192,267295,83293,282428,726146,262808,210581,277129,480421,737549,301322
873509,975882,822016,75125,315458,925785,859384,133253,442224,363942,747469,28709,315476,749779,886870,40626,588353,663608,872916,424579,973049,197425,114762,130045,586723,122440,266596,196301,55293,962383,334925,964015,723234,219769,932546,9351,981654,32264,253313,551957,9177,764711,84654,817086,35104,528157,209436,288764,490484,371377
391980,653430,195241,181501,684394,296962,932955,426240,474021,23170,20655,104767,625628,664543,952197,432469,707670,343602,74061,420185,701624,804223,951983,832172,563614,550365,501095,477606,680491,575706,857161,450074,471174,832079,675636,524450,563446,805704,607382,259150,310243,604604,45848,457576,891906,232143,444156,699504,925503,696273
625830,383894,437359,641946,356319,784871,8190,751417,742046,306440,14960,338158,589185,786947,870366,208563,81736,119886,989048,645436,128364,690765,959477,607437,232572,962389,700553,182984,766217,504174,574042,365787,293751,420436,526402,461443,866265,74205,198989,937505,607858,617529,629749,243495,394679,210148,151983,989512,743814,879137
1463,704470,307262,497910,675251,31186,370759,553895,874378,513206,317583,603760,583611,292288,548051,276122,11292,310725,86430,491891,501148,870221,747906,749377,989644,264677,372735,230557,102486,515229,511328,129724,922541,978503,68305,3171,61797,731730,852521,66166,8962,537946,332711,18737,8799,211359,200109,295363,550665,251379
233516,210748,887001,238591,555330,452633,331404,406760,15991,185047,640139,761487,218369,176529,905692,97780,794860,878051,146298,832974,150056,43106,286233,344323,589540,442521,793457,664766,119193,202367,746162,115935,952635,811559,219836,286111,252124,422844,248639,32263,251767,194798,349924,454264,874312,659555,615482,864529,386533,426093
244495,830202,877360,910828,604926,113838,72268,797534,885466,532268,920767,930772,754751,370544,456341,351884,396049,471315,17110,127344,168015,566815,871609,711395,149495,457683,627304,135191,79688,612038,235428,645057,171543,855905,309740,428358,549966,886347,916377,844792,684515,69187,186789,534606,985127,726146,191663,355997,962464,507745
870318,857995,781766,627041,665843,342077,120415,948560,32630,270884,613895,964931,210167,246969,847907,327066,402955,359740,49453,941821,697730,6825,97144,135454,368886,890322,140859,228076,311443,510694,901089,539457,903554,541927,432124,871463,580835,474976,512451,355629,433101,74158,205216,762996,133584,208248,163593,362881,49288,360329
609694,677974,867346,87077,643822,196314,342425,575129,837953,670608,985298,17947,316090,480362,36205,52372,366772,559158,135515,68305,318836,741522,567172,996804,605104,890395,572889,480920,415545,71490,62931,658406,859172,19048,180226,327467,313068,834196,252399,306213,487584,950807,294514,633704,48599,431440,927213,217404,356461,654144
565541,576031,608552,675386,322663,351716,397006,522337,567001,873965,395836,449247,832654,971074,242895,730430,247611,741120,38527,507128,569978,699591,917030,795095,563080,497174,13226,552665,562224,742101,165398,588661,51582,725899,821608,437776,687685,662310,303598,88245,757997,357076,161376,442206,832941,954186,567338,969856,173424,490417
8377,233966,876560,59393,654430,509541,987577,993596,123341,262073,991418,329943,180478,911772,617221,308157,554386,427407,457984,552124,169778,615603,955168,592039,787499,282535,154595,6438,981318,119062,380014,654723,734599,618132,439562,814933,442359,835303,54024,722010,97298,387560,443387,181987,448948,852894,36407,193918,975615,449966
389735,912646,775873,173523,597886,180404,775720,556432,798589,64927,928006,229811,849781,441597,888850,101641,53793,468288,930468,465313,507471,164191,541032,427207,887914,740951,477762,148954,145954,971248,611015,224972,810977,216121,453994,877176,103402,102951,52582,151703,374531,321645,280122,14162,487118,445369,740798,303096,581186,313146
752994,174145,489350,445778,458738,538113,536138,316347,824107,951486,559007,635495,723644,319807,592290,462590,484432,394138,536259,218134,241023,200160,594488,245329,780629,905300,759726,328281,942635,344283,361565,595278,660676,408838,786665,853525,288607,224602,397440,698608,669822,175627,388697,901858,959904,604225,780117,839803,222192,65881
611358,384691,710752,293678,433962,808291,93247,407841,153241,533614,732770,987187,753467,144250,437006,542189,637761,700842,973307,942207,208560,158384,970031,160520,968225,119837,584950,129882,133799,333833,793744,702264,317273,137088,358626,174151,235018,496950,488723,922612,89759,532891,564810,142769,360514,137870,893642,348541,64851,475175
529037,887224,719086,206137,908352,5057,697193,42157,819685,189398,797284,813418,771483,110149,400281,104797,718629,994061,522729,651964,667057,142717,371461,348896,750622,411386,368046,548998,205941,65292,238001,20847,669461,456761,616649,567752,54190,815075,818872,7586,430185,785724,415445,859786,695203,660629,905766,778957,584966,47301
454472,688738,523161,584736,349352,841191,245438,639539,436753,148738,19076,129919,288215,472364,26764,67136,796410,980234,431008,469788,602694,96868,538683,674017,944272,643166,544901,410121,911822,523349,477590,733774,437864,67252,591832,866014,369313,96175,105712,906332,111090,654201,87507,512369,911192,234471,307372,611359,573474,560482
392035,40894,595234,276766,620423,437886,268618,995788,321637,971047,477709,534015,268882,173812,706146,455543,585168,182593,509966,658686,759757,666547,413788,685246,596871,477404,630301,306361,63167,147835,972719,892708,827033,259172,838852,789558,541210,302985,106831,997787,998774,850910,445753,729640,910494,541988,125127,976269,537733,769626
622511,64774,461967,11975,265900,961535,691460,565691,112043,685240,605445,637462,688334,927896,447363,611002,529760,589023,679343,187963,55545,116331,42709,555093,305108,784646,161899,150182,865606,89671,352884,690050,562713,266820,134696,577743,248120,856090,264852,933097,21760,610918,282340,474612,436516,809102,185262,767800,34046,636739
823673,429409,849076,354782,354976,910837,990397,789186,229458,942362,365535,867663,321879,217640,257707,690932,979559,520952,107197,684718,898556,781519,1837,312185,776526,701344,996080,898185,798222,689548,380549,35004,768164,457061,865000,131779,857155,645433,886127,701278,436154,516021,98357,242485,574941,177781,358487,643178,594747,893825
433204,553644,421843,754873,625681,945349,141479,127203,292479,616254,638527,201566,271416,595425,264379,829889,106595,782619,153030,714201,782102,943420,902075,24486,661038,910418,770278,454180,750273,284091,803083,406341,970904,27890,582712,129946,766138,970502,491963,841328,233014,28143,803234,410544,84042,672755,901111,83787,610791,347612
42443,73220,45345,306704,307882,537452,620739,850435,856230,171131,627649,876658,249908,603009,988275,634388,701516,310788,992517,831451,322760,301796,4798,481151,873411,784913,147553,241677,161235,259635,202575,164991,553179,914247,854607,621329,316194,908346,211025,38681,216005,790064,700682,310800,219816,637256,511518,794096,445843,83422
70454,230903,523579,714744,556126,9774,952959,458161,540343,192209,243389,214179,606453,908677,264116,349453,287490,29084,10501,780973,977520,42389,76912,452154,304227,246633,869769,193067,194676,906033,623181,686042,668361,25788,977941,28764,227406,475217,837616,949451,8841,138387,15977,137124,913754,84705,539162,194842,7912,279711
258939,542790,873767,530090,533277,278945,179943,479289,393974,901717,208271,25635,51671,317155,218864,396897,880263,728169,593392,831940,879072,64936,689139,131108,410761,389611,271598,44381,194301,706365,957323,909569,22878,569569,190715,520871,533578,162385,87930,480422,52615,841057,888674,14856,800864,838693,39744,587158,474881,175218
818797,566304,812341,935117,969879,662620,872867,63448,337899,474839,512211,367570,816986,582324,846624,443072,941771,355859,993204,566323,377227,620628,106256,686878,599839,805190,75695,419485,586239,60829,762618,900412,625693,764161,944426,454658,511903,888190,676764,276693,589412,767395,844180,129794,167112,687462,715980,729542,489265,383734
960421,254740,286765,24803,84461,625265,662706,218909,740087,170436,371971,636744,777332,452828,808358,472051,663910,833508,562693,562526,932921,34026,18742,36397,310934,537613,617882,681386,17038,873884,237532,967424,345832,844781,712665,22913,512063,393706,993384,231977,395014,174232,4688,538397,620080,162558,837526,222113,937356,673401
971260,437883,838390,605226,714969,410528,511382,271868,336999,925548,78299,832164,749974,162001,430567,835296,508818,507805,503779,171920,990715,748343,285571,347317,707633,870117,551498,286355,358833,544705,886336,703925,225543,20060,657442,263302,876634,160452,996298,800762,252363,15709,820733,110515,152063,384362,172579,94812,549206,654779
785318,57898,51293,472345,741700,207865,595493,110532,898653,873541,936354,389074,82616,817534,441386,349493,427385,709182,728067,435831,266534,150854,52844,962217,967278,67276,593010,973145,575894,970665,145309,719339,841282,114588,204336,946665,233145,616524,911760,711314,773053,299047,849546,138302,399955,489158,703918,34087,75199,368122
155651,909666,443664,589243,426141,859264,925586,900337,81129,610896,776961,917537,556157,469918,176168,8161,24078,278573,720304,402257,541868,271337,973299,920350,264019,384298,105385,395291,241411,726625,312707,685886,26549,706770,637329,290410,771042,864185,905780,694484,439117,584813,762035,315758,883368,786673,694337,759002,51191,812997
446629,686471,650710,423535,735754,857715,994440,17507,914913,775065,595649,762250,348238,404502,40606,928403,807313,516426,612606,823894,166189,570270,723071,582774,976728,256314,679348,779093,390795,940255,412024,146460,170389,393121,986953,914916,899604,663174,503330,642340,605173,954728,392927,391826,729224,803779,739325,159587,633577,268834
274168,255448,8820,119592,671805,795918,106865,946697,465827,782458,41524,79932,814545,96516,37443,657562,43821,414942,815141,114044,842625,910121,975060,614144,821339,159231,574122,875391,865528,171595,828717,398050,512477,797251,668253,325976,855965,930771,808548,49796,15174,575486,99426,87121,871210,47573,281170,304993,932542,946728
784579,458634,117234,963807,223470,641162,778481,509706,885503,938914,366036,709398,94403,430918,672173,274784,373229,759466,211034,922333,140869,222971,614394,230071,839958,358828,127243,669036,427437,623905,111936,53017,295334,515155,199070,208212,836158,242043,347018,871295,997900,772240,140529,764693,90430,799518,276010,219247,426135,142206
